step,loss
1,3.203595
2,1.936944
3,1.275306
4,1.176731
5,1.036417
6,0.873639
7,0.397655
8,0.571312
9,0.129220
10,0.138814
11,0.037727
12,0.014809
13,0.008298
14,0.029439
15,0.016090
16,0.014197
17,0.038356
18,0.037604
19,0.000864
20,0.108638
21,0.012908
22,0.007968
23,0.005708
24,0.004699
25,0.010030
26,0.000855
27,0.003331
28,0.000079
29,0.000108
30,0.002675
