{
  "seeds": [
    42
  ],
  "eval_examples": 30,
  "variance_available": false,
  "base": {
    "mean": 0.8666666666666667,
    "std": null,
    "min": 0.8666666666666667,
    "max": 0.8666666666666667,
    "n_runs": 1,
    "wilson95": [
      0.7031867331796371,
      0.9469034451594525
    ]
  },
  "tuned": {
    "mean": 1.0,
    "std": null,
    "min": 1.0,
    "max": 1.0,
    "n_runs": 1,
    "wilson95": [
      0.8864866068260312,
      0.9999999999999999
    ]
  },
  "absolute_improvement": 0.1333333333333333
}
